timestamp,unique_texts
2025-12-03 08:43:24,225
2025-12-03 08:48:42,225
2025-12-03 08:54:00,225
2025-12-03 08:59:20,238
2025-12-03 09:04:14,238
2025-12-03 09:08:23,238
2025-12-03 09:12:31,253
2025-12-03 09:16:40,254
2025-12-03 09:23:48,260
2025-12-03 09:29:00,264
2025-12-03 09:32:57,264
2025-12-03 09:38:09,275
2025-12-03 09:43:21,281
2025-12-03 09:51:09,285
2025-12-03 09:56:22,287
2025-12-03 10:01:34,287
2025-12-03 10:06:45,306
2025-12-03 10:11:57,310
2025-12-03 10:17:08,311
2025-12-03 10:22:20,324
2025-12-03 10:27:32,325
2025-12-03 10:32:43,327
2025-12-03 10:37:55,339
2025-12-03 10:43:07,344
2025-12-03 10:48:19,344
2025-12-03 10:54:40,356
2025-12-03 10:59:52,357
2025-12-03 11:05:03,357
2025-12-03 11:10:14,376
2025-12-03 11:15:24,381
2025-12-03 11:20:38,381
2025-12-03 11:25:49,391
2025-12-03 12:35:24,396
2025-12-03 12:37:50,396
2025-12-03 12:39:22,403
2025-12-03 12:41:49,405
2025-12-03 12:47:56,405
2025-12-03 12:50:22,419
2025-12-03 12:52:48,420
2025-12-03 12:55:58,429
2025-12-03 12:58:23,430
2025-12-03 13:00:50,430
2025-12-03 13:03:17,442
2025-12-03 13:05:43,446
2025-12-03 13:08:09,447
2025-12-03 13:10:36,449
2025-12-03 13:13:02,449
2025-12-03 13:15:29,450
2025-12-03 13:17:56,459
2025-12-03 13:20:21,459
2025-12-03 13:22:48,462
2025-12-03 13:25:14,462
2025-12-03 13:27:39,462
2025-12-03 13:30:09,473
2025-12-03 13:32:34,473
2025-12-03 13:35:01,480
2025-12-03 13:37:28,480
2025-12-03 13:39:55,480
2025-12-03 13:42:24,493
2025-12-03 13:44:50,493
2025-12-03 13:47:17,493
2025-12-03 13:49:45,501
2025-12-03 13:52:11,501
2025-12-03 13:54:37,501
2025-12-03 13:57:04,510
2025-12-03 13:59:29,510
2025-12-03 14:01:55,511
2025-12-03 14:04:25,513
2025-12-03 14:06:51,513
2025-12-03 14:08:37,516
2025-12-03 14:12:00,518
2025-12-03 14:30:33,532
2025-12-03 14:59:46,565
2025-12-03 15:46:30,628
2025-12-03 16:05:01,647
2025-12-03 16:09:45,649
2025-12-03 16:20:15,674
2025-12-03 16:44:47,710
2025-12-03 17:17:18,765
2025-12-03 17:26:34,767
2025-12-03 17:48:39,801
2025-12-03 18:04:50,827
2025-12-03 19:10:55,906
2025-12-03 20:16:53,973
2025-12-03 21:23:44,1048
2025-12-03 21:55:35,1080
2025-12-03 23:02:07,1126
2025-12-04 00:08:07,1186
2025-12-04 01:14:02,1241
2025-12-04 02:19:53,1296
2025-12-04 03:25:49,1351
2025-12-04 04:31:44,1415
2025-12-04 05:37:31,1467
2025-12-04 06:43:22,1528
2025-12-04 07:49:07,1579
2025-12-04 08:54:58,1643
2025-12-04 09:09:22,1661
2025-12-04 10:15:12,1713
2025-12-04 11:21:11,1770
2025-12-04 12:27:00,1834
2025-12-04 13:03:20,1857
2025-12-04 14:09:05,1925
2025-12-04 15:15:00,1990
2025-12-04 16:20:57,2060
2025-12-04 17:27:00,2127
2025-12-04 17:56:18,2162
2025-12-04 19:02:33,2238
2025-12-04 20:10:02,2333
2025-12-04 21:20:23,2403
2025-12-04 22:30:16,2470
2025-12-04 23:37:00,2545
2025-12-05 00:43:27,2607
2025-12-05 01:49:30,2647
2025-12-05 02:55:32,2705
2025-12-05 04:01:28,2759
2025-12-05 05:07:25,2816
2025-12-05 06:13:13,2872
2025-12-05 06:56:54,2901
2025-12-05 08:02:42,2950
2025-12-05 09:08:32,3004
2025-12-05 10:14:25,3045
2025-12-05 11:20:14,3026
2025-12-05 11:32:21,3029
2025-12-05 11:46:25,3054
2025-12-05 12:36:24,3110
2025-12-05 12:45:07,3110
2025-12-05 13:09:19,3144
2025-12-05 14:25:50,3209
2025-12-05 15:29:27,3279
2025-12-05 16:33:10,3348
